{
  "ray": {
    "origin": [0.0, 0.0],
    "direction": [1.0,-1.0],
    "brightness": 1.0
  },
  "mirrors": [
    {
      "type": "plane",
      "mirror": {
        "center": [0.0,0.0],
        "basis": [
          [0.707106781186547524400844362104849039, 0.707106781186547524400844362104849039]
        ],
        "bounds": [1.0],
        "darkness": 1.0
      }
    }
  ]
}